<?xml version="1.0" encoding="UTF-8"?>
<suppressions xmlns="https://jeremylong.github.io/DependencyCheck/dependency-suppression.1.3.xsd">
	<suppress>
	   <notes><![CDATA[
	   file name: bcprov-jdk15on-1.46.jar
	   ]]></notes>
	   <packageUrl regex="true">^pkg:maven/org\.bouncycastle/bcprov\-jdk15on@.*$</packageUrl>
	   <cve>CVE-2013-1624</cve>
	</suppress>
	<suppress>
	   <notes><![CDATA[
	   file name: bcprov-jdk15on-1.46.jar
	   ]]></notes>
	   <packageUrl regex="true">^pkg:maven/org\.bouncycastle/bcprov\-jdk15on@.*$</packageUrl>
	   <cve>CVE-2016-1000338</cve>
	</suppress>
	<suppress>
	   <notes><![CDATA[
	   file name: bcprov-jdk15on-1.46.jar
	   ]]></notes>
	   <packageUrl regex="true">^pkg:maven/org\.bouncycastle/bcprov\-jdk15on@.*$</packageUrl>
	   <cve>CVE-2016-1000342</cve>
	</suppress>
	<suppress>
	   <notes><![CDATA[
	   file name: bcprov-jdk15on-1.46.jar
	   ]]></notes>
	   <packageUrl regex="true">^pkg:maven/org\.bouncycastle/bcprov\-jdk15on@.*$</packageUrl>
	   <cve>CVE-2016-1000343</cve>
	</suppress>
	<suppress>
	   <notes><![CDATA[
	   file name: bcprov-jdk15on-1.46.jar
	   ]]></notes>
	   <packageUrl regex="true">^pkg:maven/org\.bouncycastle/bcprov\-jdk15on@.*$</packageUrl>
	   <cve>CVE-2016-1000344</cve>
	</suppress>
</suppressions>